time,x,y,dx,dy,handle,accel,brake,speed,focus,focus_x,focus_y,comment
1600055822.637,8079.39,3546.22,1.0,-0.01,0.0,0.0,0.0,37.96,7,909.0,800.0,AgentPlugin
1600055823.127,8079.39,3546.22,1.0,-0.01,0.0,0.0,0.0,37.96,4,938.0,594.0,AgentPlugin
1600055823.627,8079.39,3546.22,1.0,-0.01,0.0,0.0,0.0,37.96,4,1163.0,498.0,AgentPlugin
1600055824.126,8079.39,3546.22,1.0,-0.01,0.0,0.0,0.0,37.96,1,1063.0,152.0,AgentPlugin
1600055824.628,8079.39,3546.22,1.0,-0.01,0.0,0.0,0.0,37.96,1,1098.0,114.0,AgentPlugin
1600055825.127,8079.39,3546.22,1.0,-0.01,0.0,0.0,0.0,37.96,1,1106.0,117.0,AgentPlugin
1600055825.626,8079.39,3546.22,1.0,-0.01,0.0,0.0,0.0,37.96,1,1104.0,312.0,AgentPlugin
1600055826.126,8079.39,3546.22,1.0,-0.01,0.0,0.0,0.0,37.96,8,1326.0,729.0,AgentPlugin
1600055826.626,8079.39,3546.22,1.0,-0.01,0.0,0.0,0.0,37.96,8,1326.0,729.0,AgentPlugin
1600055827.127,8079.39,3546.22,1.0,-0.01,0.0,0.0,0.0,37.96,8,1326.0,729.0,AgentPlugin
1600055827.624,8079.39,3546.22,1.0,-0.01,0.0,0.0,0.0,37.96,8,1326.0,729.0,AgentPlugin
1600055828.125,8079.39,3546.22,1.0,-0.01,0.0,0.0,0.0,37.96,5,1384.0,485.0,AgentPlugin
1600055828.626,8079.39,3546.22,1.0,-0.01,0.0,0.0,0.0,37.96,5,1380.0,489.0,AgentPlugin
1600055829.127,8079.39,3546.22,1.0,-0.01,0.0,0.0,0.0,37.96,1,1101.0,335.0,AgentPlugin
1600055829.625,8079.39,3546.22,1.0,-0.01,0.0,0.0,0.0,37.96,1,1089.0,329.0,AgentPlugin
1600055830.125,8079.39,3546.22,1.0,-0.01,0.0,0.0,0.0,37.96,5,1387.0,474.0,AgentPlugin
1600055830.626,8079.39,3546.22,1.0,-0.01,0.0,0.0,0.0,37.96,5,1385.0,481.0,AgentPlugin
1600055831.126,8079.39,3546.22,1.0,-0.01,0.0,0.0,0.0,37.96,5,1381.0,486.0,AgentPlugin
1600055831.634,8079.39,3546.22,1.0,-0.01,0.0,0.0,0.0,37.96,5,1378.0,484.0,AgentPlugin
1600055832.125,8079.39,3546.22,1.0,-0.01,0.0,0.0,0.0,37.96,-1,1291.0,2166.0,AgentPlugin
1600055832.624,8079.39,3546.22,1.0,-0.01,0.0,0.0,0.0,37.96,5,1337.0,573.0,AgentPlugin
1600055833.124,8079.39,3546.22,1.0,-0.01,0.0,0.0,0.0,37.96,5,1371.0,485.0,AgentPlugin
1600055833.626,8079.39,3546.22,1.0,-0.01,0.0,0.0,0.0,37.96,5,1401.0,708.0,AgentPlugin
1600055834.129,8079.39,3546.22,1.0,-0.01,0.0,0.0,0.0,37.96,8,1348.0,726.0,AgentPlugin
1600055834.626,8079.39,3546.22,1.0,-0.01,0.0,0.0,0.0,37.96,8,1347.0,723.0,AgentPlugin
1600055835.125,8079.39,3546.22,1.0,-0.01,0.0,0.0,0.0,37.96,5,1382.0,556.0,AgentPlugin
1600055835.625,8079.39,3546.22,1.0,-0.01,0.0,0.0,0.0,37.96,8,1290.0,863.0,AgentPlugin
1600055836.127,8079.39,3546.22,1.0,-0.01,0.0,0.0,0.0,37.96,5,1343.0,715.0,AgentPlugin
1600055836.625,8079.39,3546.22,1.0,-0.01,0.0,0.0,0.0,37.96,5,1342.0,718.0,AgentPlugin
1600055837.311,6603.97,3547.01,1.0,0.0,0.0,0.0,0.84,0.53,8,1332.0,802.0,AgentPlugin
1600055837.815,6603.97,3547.01,1.0,0.0,0.0,0.0,1.0,0.0,-1,1018.0,1785.0,AgentPlugin
1600055838.322,6603.97,3547.01,1.0,0.0,0.0,0.0,1.0,0.0,-1,971.0,2181.0,AgentPlugin
1600055838.819,6603.97,3547.01,1.0,0.0,0.0,0.0,1.0,0.0,-1,971.0,2181.0,AgentPlugin
1600055839.32,6603.97,3547.01,1.0,0.0,0.0,0.0,1.0,0.0,7,989.0,932.0,AgentPlugin
1600055839.811,6603.97,3547.01,1.0,0.0,0.0,0.0,1.0,0.0,8,1616.0,872.0,AgentPlugin
1600055840.312,6603.97,3547.01,1.0,0.0,0.0,0.0,1.0,0.0,8,1641.0,874.0,AgentPlugin
1600055840.82,6603.97,3547.01,1.0,0.0,0.0,0.0,1.0,0.0,-1,2128.0,2339.0,AgentPlugin
1600055841.313,6603.97,3547.01,1.0,0.0,0.0,0.0,1.0,0.0,-1,2128.0,2339.0,AgentPlugin
1600055841.825,6603.97,3547.01,1.0,0.0,0.0,0.0,1.0,0.0,-1,2184.0,2249.0,AgentPlugin
1600055842.316,6603.97,3547.01,1.0,0.0,0.0,0.0,1.0,0.0,7,1028.0,897.0,AgentPlugin
1600055842.813,6603.97,3547.01,1.0,0.0,0.0,0.0,1.0,0.0,-1,712.0,2087.0,AgentPlugin
1600055843.312,6603.97,3547.01,1.0,0.0,0.0,0.0,0.77,0.0,-1,939.0,1131.0,AgentPlugin
1600055843.815,6603.97,3547.01,1.0,0.0,0.0,0.0,0.62,0.0,-1,1216.0,1645.0,AgentPlugin
1600055844.319,6604.0,3547.01,1.0,0.0,0.0,0.0,0.63,0.14,-1,1216.0,1645.0,AgentPlugin
1600055844.815,6604.0,3547.01,1.0,0.0,0.01,0.0,0.63,0.0,8,1701.0,977.0,AgentPlugin
1600055845.314,6604.0,3547.01,1.0,0.0,0.01,0.0,0.52,0.0,8,1583.0,996.0,AgentPlugin
1600055845.821,6604.02,3547.01,1.0,0.0,0.01,0.0,0.67,0.0,-1,1504.0,1083.0,AgentPlugin
1600055846.318,6604.02,3547.01,1.0,0.0,0.01,0.0,1.0,0.0,4,1138.0,636.0,AgentPlugin
1600055846.811,6604.02,3547.01,1.0,0.0,0.01,0.0,0.79,0.0,4,1129.0,637.0,AgentPlugin
1600055847.325,6604.02,3547.01,1.0,0.0,0.01,0.0,0.62,0.0,4,1129.0,637.0,AgentPlugin
1600055847.818,6604.07,3547.01,1.0,0.0,0.0,0.0,0.0,1.04,4,1129.0,637.0,AgentPlugin
1600055848.312,6604.31,3547.01,1.0,0.0,0.0,0.0,0.0,2.45,4,1129.0,637.0,AgentPlugin
1600055848.82,6604.76,3547.01,1.0,0.0,0.01,0.0,0.0,3.84,8,1425.0,824.0,AgentPlugin
1600055849.32,6605.38,3547.01,1.0,0.0,0.01,0.09,0.0,5.16,4,850.0,602.0,AgentPlugin
1600055849.816,6606.19,3547.02,1.0,0.0,0.0,0.18,0.0,6.48,4,961.0,557.0,AgentPlugin
1600055850.313,6607.17,3547.02,1.0,0.0,0.0,0.25,0.0,7.91,4,792.0,639.0,AgentPlugin
1600055850.811,6608.39,3547.03,1.0,0.01,0.0,0.25,0.0,9.52,4,940.0,552.0,AgentPlugin
1600055851.312,6609.82,3547.04,1.0,0.01,0.0,0.26,0.0,11.12,4,908.0,578.0,AgentPlugin
1600055851.811,6611.47,3547.05,1.0,0.01,0.0,0.31,0.0,12.68,8,1686.0,917.0,AgentPlugin
1600055852.312,6613.35,3547.06,1.0,0.01,0.0,0.36,0.0,14.39,8,1679.0,950.0,AgentPlugin
1600055852.813,6615.49,3547.08,1.0,0.01,0.0,0.37,0.0,16.34,4,931.0,548.0,AgentPlugin
1600055853.329,6617.92,3547.11,1.0,0.01,0.0,0.37,0.0,18.24,4,870.0,551.0,AgentPlugin
1600055853.835,6620.65,3547.14,1.0,0.01,0.0,0.37,0.0,20.08,4,930.0,557.0,AgentPlugin
1600055854.339,6623.6,3547.17,1.0,0.01,0.0,0.37,0.0,21.85,4,947.0,542.0,AgentPlugin
1600055854.827,6626.65,3547.2,1.0,0.01,0.0,0.37,0.0,23.5,4,926.0,536.0,AgentPlugin
1600055855.329,6630.08,3547.23,1.0,0.01,0.0,0.37,0.0,25.19,4,839.0,624.0,AgentPlugin
1600055855.838,6633.76,3547.27,1.0,0.01,0.0,0.37,0.0,26.85,4,968.0,540.0,AgentPlugin
1600055856.334,6637.56,3547.31,1.0,0.01,0.0,0.37,0.0,28.43,8,1677.0,920.0,AgentPlugin
1600055856.833,6641.61,3547.35,1.0,0.01,0.0,0.34,0.0,29.98,8,1666.0,909.0,AgentPlugin
1600055857.34,6645.92,3547.4,1.0,0.01,0.0,0.2,0.0,31.12,8,1668.0,913.0,AgentPlugin
1600055857.838,6650.29,3547.44,1.0,0.01,0.0,0.2,0.0,31.75,8,1650.0,928.0,AgentPlugin
1600055858.33,6654.64,3547.49,1.0,0.01,0.0,0.2,0.0,32.35,4,924.0,552.0,AgentPlugin
1600055858.833,6659.22,3547.53,1.0,0.01,0.0,0.2,0.0,32.97,8,1653.0,919.0,AgentPlugin
1600055859.334,6663.85,3547.58,1.0,0.01,0.0,0.2,0.0,33.57,8,1654.0,915.0,AgentPlugin
1600055859.837,6668.57,3547.63,1.0,0.01,0.0,0.2,0.0,34.16,4,980.0,544.0,AgentPlugin
1600055860.35,6673.45,3547.68,1.0,0.01,0.0,0.14,0.0,34.64,8,1668.0,926.0,AgentPlugin
1600055860.853,6678.34,3547.73,1.0,0.01,0.0,0.14,0.0,35.26,8,1673.0,920.0,AgentPlugin
1600055861.354,6683.35,3547.78,1.0,0.01,0.0,0.14,0.0,36.43,4,956.0,533.0,AgentPlugin
1600055861.842,6688.3,3547.83,1.0,0.01,0.0,0.14,0.0,36.56,8,1513.0,885.0,AgentPlugin
1600055862.348,6693.43,3547.89,1.0,0.01,0.0,0.13,0.0,36.68,8,1657.0,930.0,AgentPlugin
1600055862.854,6698.62,3547.94,1.0,0.01,0.0,0.02,0.0,36.66,8,1648.0,943.0,AgentPlugin
1600055863.372,6703.86,3547.99,1.0,0.01,0.0,0.04,0.0,36.43,8,1656.0,929.0,AgentPlugin
1600055863.878,6708.9,3548.05,1.0,0.01,0.0,0.04,0.0,36.24,4,943.0,563.0,AgentPlugin
1600055864.372,6713.87,3548.1,1.0,0.01,0.0,0.04,0.0,36.06,4,948.0,537.0,AgentPlugin
1600055864.877,6718.98,3548.15,1.0,0.01,0.0,0.04,0.0,35.87,8,1630.0,943.0,AgentPlugin
1600055865.398,6724.15,3548.2,1.0,0.01,0.0,0.04,0.0,35.69,8,1665.0,936.0,AgentPlugin
1600055865.891,6729.03,3548.25,1.0,0.01,0.0,0.04,0.0,35.51,4,946.0,566.0,AgentPlugin
1600055866.415,6734.19,3548.31,1.0,0.01,0.0,0.04,0.0,35.33,4,950.0,564.0,AgentPlugin
1600055866.909,6739.01,3548.36,1.0,0.01,0.0,0.04,0.0,35.15,4,972.0,573.0,AgentPlugin
1600055867.413,6743.92,3548.41,1.0,0.01,0.0,0.04,0.0,34.98,4,980.0,557.0,AgentPlugin
1600055867.923,6748.88,3548.46,1.0,0.01,0.0,0.04,0.0,34.8,8,1358.0,760.0,AgentPlugin
1600055868.431,6753.75,3548.51,1.0,0.01,0.0,0.04,0.0,34.61,4,973.0,578.0,AgentPlugin
1600055868.921,6758.4,3548.56,1.0,0.01,0.0,0.04,0.0,34.43,8,1606.0,946.0,AgentPlugin
1600055869.452,6763.51,3548.61,1.0,0.01,0.0,0.04,0.0,34.24,8,1293.0,807.0,AgentPlugin
1600055869.969,6768.41,3548.66,1.0,0.01,0.0,0.04,0.0,34.05,4,945.0,579.0,AgentPlugin
1600055870.457,6773.04,3548.7,1.0,0.01,0.0,0.04,0.0,33.87,4,936.0,571.0,AgentPlugin
1600055870.962,6777.77,3548.74,1.0,0.01,0.0,0.04,0.0,33.7,7,642.0,838.0,AgentPlugin
1600055871.476,6782.58,3548.77,1.0,0.01,0.0,0.04,0.0,33.51,4,960.0,575.0,AgentPlugin
1600055871.981,6787.26,3548.79,1.0,0.0,0.0,0.04,0.0,33.34,4,877.0,559.0,AgentPlugin
1600055872.468,6791.71,3548.8,1.0,0.0,0.0,0.04,0.0,33.17,4,933.0,548.0,AgentPlugin
1600055872.983,6796.48,3548.81,1.0,0.0,0.0,0.04,0.0,33.0,7,1133.0,889.0,AgentPlugin
1600055873.491,6801.13,3548.81,1.0,0.0,0.0,0.04,0.0,32.82,8,1644.0,919.0,AgentPlugin
1600055873.991,6805.69,3548.8,1.0,0.0,0.0,0.03,0.0,32.65,8,1644.0,924.0,AgentPlugin
1600055874.484,6810.1,3548.78,1.0,0.0,0.0,0.08,0.0,32.48,8,1638.0,945.0,AgentPlugin
1600055874.984,6814.62,3548.76,1.0,0.0,0.0,0.18,0.0,32.61,4,940.0,602.0,AgentPlugin
1600055875.485,6819.21,3548.73,1.0,-0.01,0.0,0.17,0.0,32.86,4,955.0,559.0,AgentPlugin
1600055875.984,6823.74,3548.7,1.0,-0.01,0.0,0.16,0.0,33.07,4,1025.0,577.0,AgentPlugin
1600055876.484,6828.36,3548.67,1.0,-0.01,0.0,0.16,0.0,33.28,8,1654.0,934.0,AgentPlugin
1600055877.002,6833.17,3548.62,1.0,-0.01,0.0,0.17,0.0,33.5,8,1646.0,943.0,AgentPlugin
1600055877.515,6837.99,3548.58,1.0,-0.01,0.0,0.18,0.0,33.73,8,1626.0,931.0,AgentPlugin
1600055878.038,6842.91,3548.54,1.0,-0.01,0.0,0.18,0.0,33.98,4,929.0,576.0,AgentPlugin
1600055878.535,6847.59,3548.5,1.0,-0.01,0.0,0.19,0.0,34.23,4,951.0,560.0,AgentPlugin
1600055879.055,6852.56,3548.45,1.0,-0.01,0.0,0.21,0.0,34.56,8,1595.0,901.0,AgentPlugin
1600055879.561,6857.45,3548.41,1.0,-0.01,0.0,0.21,0.0,34.91,8,1650.0,928.0,AgentPlugin
1600055880.078,6862.49,3548.36,1.0,-0.01,0.0,0.19,0.0,35.25,8,1651.0,943.0,AgentPlugin
1600055880.607,6867.68,3548.31,1.0,-0.01,0.0,0.18,0.0,35.52,4,946.0,567.0,AgentPlugin
1600055881.106,6872.62,3548.27,1.0,-0.01,0.0,0.18,0.0,35.76,4,974.0,565.0,AgentPlugin
1600055881.601,6877.55,3548.22,1.0,-0.01,0.0,0.18,0.0,35.99,4,972.0,549.0,AgentPlugin
1600055882.123,6882.76,3548.17,1.0,-0.01,0.0,0.06,0.0,36.19,4,944.0,563.0,AgentPlugin
1600055882.608,6887.66,3548.13,1.0,-0.01,0.0,0.0,0.0,36.0,8,1642.0,942.0,AgentPlugin
1600055883.112,6892.67,3548.08,1.0,-0.01,0.0,0.0,0.0,35.71,4,1116.0,647.0,AgentPlugin
1600055883.606,6897.57,3548.03,1.0,-0.01,0.0,0.0,0.0,35.42,4,946.0,567.0,AgentPlugin
1600055884.113,6902.51,3547.98,1.0,-0.01,0.0,0.0,0.0,35.11,4,965.0,569.0,AgentPlugin
1600055884.612,6907.34,3547.93,1.0,-0.01,0.0,0.0,0.0,34.81,4,993.0,587.0,AgentPlugin
1600055885.109,6912.09,3547.89,1.0,-0.01,0.0,0.0,0.0,34.52,8,1675.0,955.0,AgentPlugin
1600055885.628,6917.17,3547.84,1.0,-0.01,0.0,0.0,0.0,34.21,8,1689.0,937.0,AgentPlugin
1600055886.124,6921.74,3547.79,1.0,-0.01,0.0,0.0,0.0,33.92,4,959.0,587.0,AgentPlugin
1600055886.625,6926.48,3547.74,1.0,-0.01,0.0,0.0,0.0,33.63,4,960.0,595.0,AgentPlugin
1600055887.135,6931.23,3547.69,1.0,-0.01,0.0,0.0,0.03,33.25,4,913.0,550.0,AgentPlugin
1600055887.618,6935.7,3547.65,1.0,-0.01,0.0,0.0,0.0,32.71,4,925.0,605.0,AgentPlugin
1600055888.127,6940.24,3547.6,1.0,-0.01,0.0,0.0,0.03,32.39,4,906.0,590.0,AgentPlugin
1600055888.642,6944.69,3547.55,1.0,-0.01,0.0,0.0,0.28,28.32,4,886.0,596.0,AgentPlugin
1600055889.159,6948.32,3547.52,1.0,-0.01,0.0,0.0,0.29,22.51,4,952.0,587.0,AgentPlugin
1600055889.678,6951.21,3547.49,1.0,-0.01,0.0,0.0,0.11,18.77,4,972.0,592.0,AgentPlugin
1600055890.171,6953.73,3547.46,1.0,-0.01,0.0,0.0,0.0,18.38,4,1108.0,597.0,AgentPlugin
1600055890.671,6956.29,3547.43,1.0,-0.01,0.0,0.0,0.0,18.17,4,936.0,628.0,AgentPlugin
1600055891.174,6958.75,3547.41,1.0,-0.01,0.0,0.0,0.0,17.98,4,867.0,600.0,AgentPlugin
1600055891.677,6961.25,3547.38,1.0,-0.01,0.0,0.0,0.0,17.76,4,935.0,597.0,AgentPlugin
1600055892.197,6963.87,3547.35,1.0,-0.01,0.0,0.0,0.0,17.53,4,894.0,616.0,AgentPlugin
1600055892.681,6966.12,3547.32,1.0,-0.01,0.0,0.0,0.22,14.99,4,1072.0,610.0,AgentPlugin
1600055893.187,6967.9,3547.3,1.0,-0.01,0.0,0.0,0.16,11.61,4,757.0,616.0,AgentPlugin
1600055893.682,6969.54,3547.29,1.0,-0.01,0.0,0.0,0.0,11.53,3,636.0,608.0,AgentPlugin
1600055894.18,6971.17,3547.27,1.0,-0.01,0.0,0.0,0.0,11.89,8,1688.0,955.0,AgentPlugin
1600055894.692,6972.81,3547.25,1.0,-0.01,0.0,0.0,0.0,12.18,3,583.0,568.0,AgentPlugin
1600055895.191,6974.51,3547.23,1.0,-0.01,0.0,0.0,0.0,12.41,4,947.0,662.0,AgentPlugin
1600055895.698,6976.26,3547.21,1.0,-0.01,0.0,0.0,0.0,12.59,4,987.0,670.0,AgentPlugin
1600055896.193,6978.01,3547.19,1.0,-0.01,0.0,0.0,0.0,12.73,8,1679.0,956.0,AgentPlugin
1600055896.688,6979.82,3547.17,1.0,-0.01,0.0,0.0,0.0,12.83,7,882.0,722.0,AgentPlugin
1600055897.187,6981.61,3547.15,1.0,-0.01,0.0,0.0,0.0,12.91,3,86.0,473.0,AgentPlugin
1600055897.694,6983.44,3547.13,1.0,-0.01,0.0,0.0,0.0,12.98,3,21.0,523.0,AgentPlugin
1600055898.203,6985.3,3547.11,1.0,-0.01,0.0,0.0,0.0,13.02,5,1788.0,502.0,AgentPlugin
1600055898.723,6987.16,3547.09,1.0,-0.01,0.0,0.0,0.0,13.06,-1,1943.0,520.0,AgentPlugin
1600055899.222,6988.98,3547.07,1.0,-0.01,0.0,0.0,0.0,13.09,-1,1989.0,513.0,AgentPlugin
1600055899.727,6990.76,3547.05,1.0,-0.01,0.0,0.0,0.0,13.12,4,1149.0,618.0,AgentPlugin
1600055900.232,6992.65,3547.03,1.0,-0.01,0.0,0.0,0.0,13.14,4,645.0,635.0,AgentPlugin
1600055900.719,6994.38,3547.01,1.0,-0.01,0.0,0.0,0.0,13.15,3,17.0,584.0,AgentPlugin
1600055901.22,6996.22,3546.99,1.0,-0.01,0.0,0.0,0.0,13.16,7,1011.0,950.0,AgentPlugin
1600055901.738,6998.16,3546.97,1.0,-0.01,0.0,0.0,0.0,13.17,4,1004.0,580.0,AgentPlugin
1600055902.233,6999.92,3546.95,1.0,-0.01,0.0,0.0,0.0,13.18,4,924.0,624.0,AgentPlugin
1600055902.74,7001.82,3546.93,1.0,-0.01,0.0,0.03,0.0,13.19,4,684.0,647.0,AgentPlugin
1600055903.235,7003.64,3546.91,1.0,-0.01,0.0,0.04,0.0,13.24,4,955.0,574.0,AgentPlugin
1600055903.754,7005.55,3546.9,1.0,-0.01,0.0,0.04,0.0,13.29,4,971.0,568.0,AgentPlugin
1600055904.249,7007.38,3546.88,1.0,-0.01,0.0,0.04,0.0,13.33,4,956.0,547.0,AgentPlugin
1600055904.76,7009.3,3546.87,1.0,-0.01,0.0,0.06,0.0,13.37,4,972.0,591.0,AgentPlugin
1600055905.289,7011.26,3546.86,1.0,-0.01,0.0,0.09,0.0,13.53,4,949.0,569.0,AgentPlugin
1600055905.782,7013.09,3546.85,1.0,-0.01,0.0,0.16,0.0,13.88,4,950.0,552.0,AgentPlugin
1600055906.28,7015.07,3546.84,1.0,0.0,0.0,0.24,0.0,14.64,4,941.0,553.0,AgentPlugin
1600055906.794,7017.26,3546.83,1.0,0.0,0.0,0.24,0.0,15.75,4,958.0,552.0,AgentPlugin
1600055907.28,7019.46,3546.83,1.0,0.0,0.0,0.24,0.0,16.78,7,1159.0,749.0,AgentPlugin
1600055907.78,7021.84,3546.83,1.0,0.0,0.0,0.23,0.0,17.78,8,1641.0,949.0,AgentPlugin
1600055908.301,7024.51,3546.83,1.0,0.0,0.0,0.2,0.0,18.72,8,1689.0,932.0,AgentPlugin
1600055908.802,7027.17,3546.83,1.0,0.0,0.0,0.2,0.0,19.52,4,945.0,559.0,AgentPlugin
1600055909.304,7029.94,3546.83,1.0,0.0,0.0,0.2,0.0,20.29,4,957.0,536.0,AgentPlugin
1600055909.805,7032.81,3546.84,1.0,0.0,0.0,0.2,0.0,21.04,8,1670.0,925.0,AgentPlugin
1600055910.296,7035.7,3546.86,1.0,0.0,0.0,0.2,0.0,21.77,8,1655.0,924.0,AgentPlugin
1600055910.796,7038.75,3546.87,1.0,0.01,0.0,0.2,0.0,22.5,7,904.0,853.0,AgentPlugin
1600055911.295,7042.0,3546.9,1.0,0.01,0.0,0.1,0.0,23.22,4,947.0,574.0,AgentPlugin
1600055911.792,7045.19,3546.92,1.0,0.01,0.0,0.0,0.0,23.22,8,1642.0,924.0,AgentPlugin
1600055912.297,7048.38,3546.94,1.0,0.01,0.0,0.0,0.0,22.98,8,1659.0,953.0,AgentPlugin
1600055912.824,7051.78,3546.97,1.0,0.01,0.0,0.0,0.0,22.68,4,935.0,584.0,AgentPlugin
1600055913.338,7054.98,3547.0,1.0,0.01,0.0,0.05,0.0,22.42,4,932.0,572.0,AgentPlugin
1600055913.846,7058.14,3547.03,1.0,0.01,0.0,0.12,0.0,22.46,4,938.0,576.0,AgentPlugin
1600055914.353,7061.33,3547.06,1.0,0.01,0.0,0.13,0.0,22.79,8,1665.0,966.0,AgentPlugin
1600055914.863,7064.56,3547.1,1.0,0.01,0.0,0.12,0.0,23.13,4,1066.0,643.0,AgentPlugin
1600055915.359,7067.77,3547.14,1.0,0.01,0.0,0.01,0.0,23.37,4,927.0,558.0,AgentPlugin
1600055915.867,7071.07,3547.19,1.0,0.01,0.0,0.0,0.0,23.18,4,984.0,654.0,AgentPlugin
1600055916.379,7074.34,3547.23,1.0,0.01,0.0,0.0,0.0,22.91,4,938.0,586.0,AgentPlugin
1600055916.875,7077.46,3547.28,1.0,0.02,0.01,0.0,0.0,22.62,4,923.0,579.0,AgentPlugin
1600055917.392,7080.69,3547.35,1.0,0.02,0.01,0.0,0.0,22.32,4,1063.0,581.0,AgentPlugin
1600055917.896,7083.79,3547.44,1.0,0.03,0.02,0.0,0.0,22.03,5,1330.0,698.0,AgentPlugin
1600055918.398,7086.85,3547.56,1.0,0.04,0.02,0.0,0.0,21.75,4,936.0,594.0,AgentPlugin
1600055918.911,7089.93,3547.73,1.0,0.06,0.02,0.0,0.0,21.46,4,858.0,588.0,AgentPlugin
1600055919.407,7092.82,3547.94,1.0,0.07,0.02,0.0,0.0,21.19,4,1025.0,624.0,AgentPlugin
1600055919.906,7095.76,3548.2,1.0,0.09,0.02,0.0,0.0,20.92,4,1110.0,619.0,AgentPlugin
1600055920.406,7098.61,3548.48,1.0,0.1,0.01,0.0,0.0,20.65,4,793.0,595.0,AgentPlugin
1600055920.908,7101.44,3548.78,0.99,0.1,0.0,0.0,0.0,20.39,4,1008.0,611.0,AgentPlugin
1600055921.405,7104.19,3549.05,1.0,0.1,-0.02,0.0,0.0,20.14,4,775.0,612.0,AgentPlugin
1600055921.92,7107.11,3549.3,1.0,0.08,-0.04,0.0,0.0,19.87,4,719.0,614.0,AgentPlugin
1600055922.418,7109.84,3549.46,1.0,0.06,-0.05,0.0,0.0,19.62,4,991.0,658.0,AgentPlugin
1600055922.915,7112.53,3549.53,1.0,0.03,-0.04,0.0,0.0,19.37,4,742.0,638.0,AgentPlugin
1600055923.426,7115.26,3549.55,1.0,0.01,-0.02,0.0,0.0,19.12,4,1014.0,641.0,AgentPlugin
1600055923.922,7117.83,3549.53,1.0,0.0,-0.01,0.0,0.0,18.89,4,687.0,623.0,AgentPlugin
1600055924.442,7120.59,3549.5,1.0,-0.01,0.0,0.02,0.0,18.66,4,1038.0,626.0,AgentPlugin
1600055924.936,7123.14,3549.47,1.0,-0.01,0.0,0.04,0.0,18.5,3,561.0,647.0,AgentPlugin
1600055925.456,7125.82,3549.44,1.0,-0.01,0.0,0.04,0.0,18.44,3,510.0,658.0,AgentPlugin
1600055925.979,7128.48,3549.41,1.0,-0.01,0.0,0.04,0.0,18.4,4,945.0,628.0,AgentPlugin
1600055926.494,7131.12,3549.39,1.0,-0.01,0.0,0.04,0.0,18.36,4,827.0,604.0,AgentPlugin
1600055927.011,7133.74,3549.36,1.0,-0.01,0.0,0.02,0.0,18.25,8,1706.0,949.0,AgentPlugin
1600055927.5,7136.22,3549.34,1.0,-0.01,0.0,0.11,0.0,18.33,4,784.0,609.0,AgentPlugin
1600055928.006,7138.82,3549.32,1.0,-0.01,-0.02,0.11,0.0,18.66,7,1123.0,903.0,AgentPlugin
1600055928.501,7141.42,3549.26,1.0,-0.02,-0.04,0.11,0.0,18.99,4,937.0,597.0,AgentPlugin
1600055929.01,7144.04,3549.11,1.0,-0.06,-0.07,0.11,0.0,19.29,4,740.0,607.0,AgentPlugin
1600055929.509,7146.81,3548.81,0.99,-0.1,-0.07,0.11,0.0,19.61,4,1001.0,609.0,AgentPlugin
1600055930.011,7149.51,3548.43,0.99,-0.14,0.0,0.11,0.0,19.93,4,742.0,681.0,AgentPlugin
1600055930.531,7152.39,3548.03,0.99,-0.13,0.02,0.1,0.0,20.21,4,1060.0,615.0,AgentPlugin
1600055931.056,7155.35,3547.7,0.99,-0.11,0.07,0.0,0.0,20.34,4,854.0,736.0,AgentPlugin
1600055931.561,7158.18,3547.54,1.0,-0.06,0.12,0.0,0.0,20.1,4,1053.0,626.0,AgentPlugin
1600055932.065,7160.97,3547.61,1.0,0.02,0.12,0.0,0.0,19.84,7,837.0,730.0,AgentPlugin
1600055932.577,7163.77,3547.88,1.0,0.09,0.04,0.06,0.0,19.61,4,869.0,606.0,AgentPlugin
1600055933.071,7166.42,3548.17,0.99,0.11,-0.01,0.13,0.0,19.77,4,814.0,596.0,AgentPlugin
1600055933.566,7169.22,3548.45,1.0,0.1,-0.01,0.4,0.0,20.55,4,826.0,595.0,AgentPlugin
1600055934.075,7172.2,3548.72,1.0,0.09,-0.01,0.35,0.0,22.31,4,847.0,606.0,AgentPlugin
1600055934.591,7175.51,3549.0,1.0,0.08,-0.02,0.22,0.0,23.87,4,844.0,586.0,AgentPlugin
1600055935.083,7178.81,3549.24,1.0,0.07,-0.02,0.2,0.0,24.69,7,729.0,943.0,AgentPlugin
1600055935.586,7182.33,3549.44,1.0,0.06,-0.02,0.17,0.0,25.36,4,887.0,595.0,AgentPlugin
1600055936.088,7185.88,3549.6,1.0,0.04,-0.02,0.16,0.0,25.88,4,867.0,579.0,AgentPlugin
1600055936.594,7189.57,3549.71,1.0,0.03,-0.02,0.15,0.0,26.38,4,913.0,583.0,AgentPlugin
1600055937.097,7193.29,3549.78,1.0,0.02,-0.01,0.14,0.0,26.78,4,926.0,582.0,AgentPlugin
1600055937.615,7197.19,3549.82,1.0,0.01,-0.01,0.12,0.0,27.13,4,903.0,598.0,AgentPlugin
1600055938.109,7200.92,3549.82,1.0,0.0,-0.01,0.11,0.0,27.36,4,918.0,567.0,AgentPlugin
1600055938.625,7204.86,3549.8,1.0,-0.01,-0.01,0.11,0.0,27.58,4,837.0,601.0,AgentPlugin
1600055939.124,7208.64,3549.75,1.0,-0.01,-0.01,0.11,0.0,27.79,4,915.0,569.0,AgentPlugin
1600055939.622,7212.57,3549.68,1.0,-0.02,-0.01,0.11,0.0,28.0,8,1646.0,927.0,AgentPlugin
1600055940.126,7216.47,3549.59,1.0,-0.02,0.0,0.06,0.0,28.19,4,955.0,585.0,AgentPlugin
1600055940.651,7220.56,3549.48,1.0,-0.03,0.0,0.0,0.0,28.04,4,944.0,584.0,AgentPlugin
1600055941.149,7224.44,3549.39,1.0,-0.03,0.0,0.0,0.0,27.72,4,941.0,593.0,AgentPlugin
1600055941.64,7228.17,3549.29,1.0,-0.02,0.0,0.0,0.0,27.36,4,983.0,605.0,AgentPlugin
1600055942.148,7232.02,3549.2,1.0,-0.02,0.0,0.0,0.0,26.98,4,958.0,597.0,AgentPlugin
1600055942.651,7235.78,3549.11,1.0,-0.02,0.0,0.0,0.0,26.62,8,1667.0,962.0,AgentPlugin
1600055943.162,7239.53,3549.02,1.0,-0.02,0.0,0.0,0.0,26.25,4,952.0,590.0,AgentPlugin
1600055943.657,7243.12,3548.94,1.0,-0.02,0.0,0.0,0.0,25.91,4,948.0,558.0,AgentPlugin
1600055944.181,7246.86,3548.86,1.0,-0.02,0.0,0.0,0.0,25.55,4,910.0,592.0,AgentPlugin
1600055944.674,7250.34,3548.79,1.0,-0.02,0.0,0.0,0.0,25.21,4,938.0,588.0,AgentPlugin
1600055945.187,7253.89,3548.71,1.0,-0.02,0.0,0.0,0.0,24.87,4,883.0,598.0,AgentPlugin
1600055945.717,7257.53,3548.63,1.0,-0.02,0.0,0.0,0.06,24.4,4,914.0,609.0,AgentPlugin
1600055946.22,7260.8,3548.54,1.0,-0.03,0.0,0.0,0.16,22.28,4,875.0,603.0,AgentPlugin
1600055946.721,7263.66,3548.47,1.0,-0.03,0.0,0.0,0.19,19.15,4,979.0,608.0,AgentPlugin
1600055947.214,7266.07,3548.4,1.0,-0.03,0.0,0.0,0.15,16.16,4,830.0,625.0,AgentPlugin
1600055947.732,7268.33,3548.33,1.0,-0.03,0.0,0.0,0.0,15.32,8,1628.0,919.0,AgentPlugin
1600055948.233,7270.46,3548.27,1.0,-0.03,0.0,0.0,0.0,15.15,8,1663.0,971.0,AgentPlugin
1600055948.749,7272.62,3548.22,1.0,-0.03,0.0,0.0,0.0,14.97,4,756.0,643.0,AgentPlugin
1600055949.254,7274.69,3548.17,1.0,-0.03,0.0,0.0,0.0,14.79,4,845.0,615.0,AgentPlugin
1600055949.754,7276.74,3548.11,1.0,-0.02,0.0,0.0,0.0,14.62,4,1048.0,586.0,AgentPlugin
1600055950.249,7278.73,3548.07,1.0,-0.02,0.0,0.0,0.0,14.44,4,789.0,660.0,AgentPlugin
1600055950.752,7280.73,3548.02,1.0,-0.02,0.0,0.0,0.0,14.27,4,1022.0,642.0,AgentPlugin
1600055951.278,7282.81,3547.97,1.0,-0.02,0.0,0.0,0.0,14.09,3,0.0,548.0,AgentPlugin
1600055951.791,7284.81,3547.93,1.0,-0.02,0.0,0.0,0.0,13.92,3,138.0,613.0,AgentPlugin
1600055952.283,7286.66,3547.89,1.0,-0.02,0.0,0.0,0.0,13.77,-1,-27.0,579.0,AgentPlugin
1600055952.796,7288.65,3547.85,1.0,-0.02,0.0,0.0,0.0,13.63,-1,1962.0,576.0,AgentPlugin
1600055953.314,7290.61,3547.81,1.0,-0.02,0.0,0.0,0.0,13.53,-1,2036.0,543.0,AgentPlugin
1600055953.82,7292.51,3547.78,1.0,-0.02,0.0,0.0,0.0,13.46,-1,1970.0,581.0,AgentPlugin
1600055954.326,7294.38,3547.75,1.0,-0.02,0.0,0.0,0.0,13.41,-1,-37.0,568.0,AgentPlugin
1600055954.831,7296.27,3547.71,1.0,-0.02,0.0,0.0,0.0,13.38,4,958.0,576.0,AgentPlugin
1600055955.337,7298.14,3547.68,1.0,-0.02,0.0,0.0,0.0,13.36,4,978.0,549.0,AgentPlugin
1600055955.839,7300.01,3547.66,1.0,-0.01,0.01,0.0,0.0,13.35,4,980.0,547.0,AgentPlugin
1600055956.335,7301.86,3547.64,1.0,-0.01,0.01,0.03,0.0,13.34,4,978.0,545.0,AgentPlugin
1600055956.83,7303.65,3547.64,1.0,0.0,0.01,0.06,0.0,13.34,4,960.0,574.0,AgentPlugin
1600055957.33,7305.54,3547.64,1.0,0.0,0.01,0.11,0.0,13.52,4,954.0,575.0,AgentPlugin
1600055957.831,7307.46,3547.65,1.0,0.0,0.0,0.15,0.0,13.91,4,949.0,581.0,AgentPlugin
1600055958.33,7309.4,3547.65,1.0,0.0,0.0,0.15,0.0,14.44,4,946.0,582.0,AgentPlugin
1600055958.847,7311.52,3547.67,1.0,0.01,0.0,0.15,0.0,15.02,4,949.0,563.0,AgentPlugin
1600055959.346,7313.67,3547.69,1.0,0.01,0.0,0.22,0.0,15.73,4,938.0,577.0,AgentPlugin
1600055959.843,7315.89,3547.71,1.0,0.01,0.0,0.22,0.0,16.68,4,924.0,558.0,AgentPlugin
1600055960.34,7318.24,3547.73,1.0,0.01,0.0,0.22,0.0,17.61,4,943.0,546.0,AgentPlugin
1600055960.846,7320.75,3547.75,1.0,0.01,0.0,0.22,0.0,18.54,4,919.0,566.0,AgentPlugin
1600055961.344,7323.4,3547.78,1.0,0.01,0.0,0.22,0.0,19.46,4,928.0,545.0,AgentPlugin
1600055961.842,7326.19,3547.8,1.0,0.01,0.0,0.22,0.0,20.36,4,947.0,536.0,AgentPlugin
1600055962.368,7329.24,3547.83,1.0,0.01,0.0,0.23,0.0,21.29,8,1596.0,895.0,AgentPlugin
1600055962.859,7332.19,3547.86,1.0,0.01,0.0,0.23,0.0,22.15,8,1657.0,953.0,AgentPlugin
1600055963.38,7335.47,3547.89,1.0,0.01,0.0,0.23,0.0,23.07,4,930.0,566.0,AgentPlugin
1600055963.883,7338.74,3547.92,1.0,0.01,0.0,0.23,0.0,23.93,4,925.0,550.0,AgentPlugin
1600055964.381,7342.1,3547.95,1.0,0.01,0.0,0.18,0.0,24.74,4,936.0,561.0,AgentPlugin
1600055964.888,7345.62,3547.98,1.0,0.01,0.0,0.0,0.0,24.83,8,1663.0,947.0,AgentPlugin
1600055965.39,7349.07,3548.0,1.0,0.01,0.0,0.0,0.0,24.57,8,1669.0,938.0,AgentPlugin
1600055965.904,7352.57,3548.02,1.0,0.0,0.0,0.0,0.0,24.25,4,921.0,565.0,AgentPlugin
1600055966.407,7355.86,3548.03,1.0,0.0,0.0,0.03,0.0,23.96,4,940.0,551.0,AgentPlugin
1600055966.919,7359.33,3548.04,1.0,0.0,0.0,0.12,0.0,23.88,4,940.0,555.0,AgentPlugin
1600055967.412,7362.57,3548.04,1.0,0.0,0.0,0.0,0.0,23.93,8,1680.0,954.0,AgentPlugin
1600055967.905,7365.83,3548.03,1.0,0.0,0.0,0.0,0.0,23.7,4,890.0,588.0,AgentPlugin
1600055968.405,7369.09,3548.03,1.0,0.0,0.0,0.0,0.0,23.4,4,927.0,684.0,AgentPlugin
1600055968.925,7372.49,3548.02,1.0,0.0,0.0,0.0,0.0,23.08,4,909.0,655.0,AgentPlugin
1600055969.427,7375.68,3548.01,1.0,0.0,0.0,0.0,0.0,22.79,4,940.0,579.0,AgentPlugin
1600055969.927,7378.83,3548.0,1.0,0.0,0.0,0.0,0.0,22.49,7,770.0,1050.0,AgentPlugin
1600055970.446,7382.05,3547.98,1.0,-0.01,0.0,0.0,0.0,22.19,4,943.0,614.0,AgentPlugin
1600055970.963,7385.22,3547.96,1.0,-0.01,0.0,0.0,0.0,21.89,4,906.0,577.0,AgentPlugin
1600055971.457,7388.19,3547.94,1.0,-0.01,0.0,0.0,0.0,21.62,4,887.0,538.0,AgentPlugin
1600055971.959,7391.19,3547.91,1.0,-0.01,0.0,0.0,0.0,21.34,4,923.0,575.0,AgentPlugin
1600055972.452,7394.1,3547.88,1.0,-0.01,0.0,0.0,0.0,21.07,4,938.0,588.0,AgentPlugin
1600055972.966,7397.05,3547.84,1.0,-0.01,0.0,0.0,0.1,19.79,4,935.0,589.0,AgentPlugin
1600055973.472,7399.68,3547.81,1.0,-0.01,0.0,0.0,0.09,17.85,4,939.0,599.0,AgentPlugin
1600055973.968,7402.11,3547.77,1.0,-0.01,0.0,0.0,0.0,17.41,4,941.0,600.0,AgentPlugin
1600055974.469,7404.52,3547.74,1.0,-0.01,0.0,0.0,0.0,17.22,4,951.0,560.0,AgentPlugin
1600055974.971,7406.9,3547.71,1.0,-0.01,0.0,0.0,0.0,17.02,4,942.0,576.0,AgentPlugin
1600055975.48,7409.28,3547.67,1.0,-0.02,0.0,0.0,0.0,16.83,4,915.0,612.0,AgentPlugin
1600055975.99,7411.64,3547.63,1.0,-0.02,0.0,0.0,0.0,16.62,4,903.0,621.0,AgentPlugin
1600055976.489,7413.93,3547.6,1.0,-0.01,0.0,0.0,0.01,16.33,4,898.0,618.0,AgentPlugin
1600055976.991,7416.17,3547.57,1.0,-0.01,0.0,0.0,0.08,15.59,4,926.0,613.0,AgentPlugin
1600055977.503,7418.26,3547.54,1.0,-0.01,0.0,0.0,0.11,13.62,8,1595.0,1046.0,AgentPlugin
1600055978.018,7420.16,3547.51,1.0,-0.01,0.0,0.0,0.0,13.27,8,1570.0,969.0,AgentPlugin
1600055978.533,7422.07,3547.48,1.0,-0.01,0.0,0.0,0.0,13.25,4,887.0,629.0,AgentPlugin
1600055979.033,7423.88,3547.45,1.0,-0.02,0.0,0.0,0.0,13.25,4,694.0,457.0,AgentPlugin
1600055979.533,7425.71,3547.43,1.0,-0.02,0.0,0.0,0.0,13.24,4,873.0,644.0,AgentPlugin
1600055980.045,7427.62,3547.4,1.0,-0.02,0.0,0.0,0.0,13.24,4,905.0,652.0,AgentPlugin
1600055980.541,7429.45,3547.37,1.0,-0.02,0.0,0.0,0.0,13.23,4,983.0,674.0,AgentPlugin
1600055981.041,7431.27,3547.34,1.0,-0.01,0.0,0.0,0.07,12.76,4,835.0,705.0,AgentPlugin
1600055981.551,7432.97,3547.32,1.0,-0.01,0.0,0.0,0.12,11.12,7,1058.0,739.0,AgentPlugin
1600055982.05,7434.36,3547.3,1.0,-0.01,0.0,0.0,0.2,9.14,7,1114.0,739.0,AgentPlugin
1600055982.547,7435.44,3547.28,1.0,-0.01,0.0,0.0,0.22,6.52,8,1627.0,1065.0,AgentPlugin
1600055983.069,7436.13,3547.28,1.0,-0.01,0.0,0.0,0.31,2.72,7,583.0,753.0,AgentPlugin
1600055983.569,7436.28,3547.27,1.0,-0.01,0.0,0.0,0.31,0.49,4,834.0,554.0,AgentPlugin
1600055984.069,7436.36,3547.27,1.0,-0.01,0.0,0.0,0.31,0.57,4,1067.0,607.0,AgentPlugin
1600055984.569,7436.43,3547.27,1.0,-0.01,0.0,0.0,0.62,0.0,4,1103.0,622.0,AgentPlugin
1600055985.067,7436.43,3547.27,1.0,-0.01,0.0,0.0,0.7,0.0,3,79.0,594.0,AgentPlugin
1600055985.569,7436.43,3547.27,1.0,-0.01,0.0,0.0,0.76,0.0,-1,-1.0,592.0,AgentPlugin
1600055986.068,7436.43,3547.27,1.0,-0.01,0.0,0.0,0.77,0.0,3,27.0,592.0,AgentPlugin
1600055986.569,7436.43,3547.27,1.0,-0.01,0.0,0.0,0.81,0.0,3,355.0,462.0,AgentPlugin
1600055987.068,7436.43,3547.27,1.0,-0.01,0.0,0.0,0.81,0.0,-1,2086.0,510.0,AgentPlugin
1600055987.57,7436.43,3547.27,1.0,-0.01,0.0,0.0,0.81,0.0,-1,2005.0,522.0,AgentPlugin
1600055988.069,7436.43,3547.27,1.0,-0.01,0.0,0.0,0.79,0.0,-1,1952.0,559.0,AgentPlugin
1600055988.571,7436.43,3547.27,1.0,-0.01,0.0,0.0,0.68,0.0,3,382.0,580.0,AgentPlugin
1600055989.068,7436.46,3547.27,1.0,-0.01,0.0,0.0,0.0,0.73,4,985.0,590.0,AgentPlugin
1600055989.568,7436.66,3547.27,1.0,-0.01,0.0,0.0,0.0,2.17,7,918.0,745.0,AgentPlugin
1600055990.069,7437.06,3547.26,1.0,-0.01,0.0,0.0,0.0,3.52,4,995.0,545.0,AgentPlugin
1600055990.567,7437.63,3547.26,1.0,-0.01,0.0,0.0,0.0,4.8,4,1075.0,605.0,AgentPlugin
1600055991.069,7438.39,3547.25,1.0,-0.01,0.01,0.0,0.0,6.02,7,924.0,760.0,AgentPlugin
1600055991.584,7439.33,3547.24,1.0,-0.01,0.01,0.03,0.0,7.15,4,956.0,557.0,AgentPlugin
1600055992.079,7440.37,3547.24,1.0,-0.01,0.01,0.08,0.0,8.2,4,1075.0,606.0,AgentPlugin
1600055992.579,7441.59,3547.23,1.0,-0.01,0.01,0.13,0.0,9.22,4,962.0,605.0,AgentPlugin
1600055993.089,7442.98,3547.23,1.0,0.0,0.01,0.14,0.0,10.2,4,959.0,558.0,AgentPlugin
1600055993.591,7444.46,3547.23,1.0,0.0,0.01,0.15,0.0,11.0,4,948.0,606.0,AgentPlugin
1600055994.092,7446.03,3547.24,1.0,0.0,0.01,0.15,0.0,11.68,4,939.0,586.0,AgentPlugin
1600055994.583,7447.67,3547.25,1.0,0.01,0.01,0.15,0.0,12.25,4,936.0,568.0,AgentPlugin
1600055995.101,7449.47,3547.26,1.0,0.01,0.01,0.17,0.0,12.85,4,949.0,574.0,AgentPlugin
1600055995.615,7451.35,3547.29,1.0,0.01,0.01,0.23,0.0,13.66,4,933.0,577.0,AgentPlugin
1600055996.118,7453.35,3547.32,1.0,0.01,0.01,0.29,0.0,14.83,4,931.0,565.0,AgentPlugin
1600055996.629,7455.55,3547.35,1.0,0.02,0.0,0.29,0.0,16.24,4,934.0,570.0,AgentPlugin
1600055997.144,7457.97,3547.4,1.0,0.02,0.0,0.29,0.0,17.67,4,946.0,552.0,AgentPlugin
1600055997.649,7460.54,3547.45,1.0,0.02,0.0,0.29,0.0,19.02,8,1627.0,937.0,AgentPlugin
1600055998.153,7463.29,3547.51,1.0,0.02,0.0,0.26,0.0,20.27,8,1685.0,916.0,AgentPlugin
1600055998.655,7466.22,3547.57,1.0,0.02,0.0,0.26,0.0,21.39,4,932.0,559.0,AgentPlugin
1600055999.157,7469.18,3547.63,1.0,0.02,0.0,0.26,0.0,22.44,4,920.0,532.0,AgentPlugin
1600055999.656,7472.44,3547.69,1.0,0.02,0.0,0.26,0.0,23.51,4,921.0,555.0,AgentPlugin
1600056000.158,7475.74,3547.75,1.0,0.02,0.0,0.26,0.0,24.54,4,898.0,573.0,AgentPlugin
1600056000.678,7479.43,3547.81,1.0,0.02,0.0,0.26,0.0,25.62,4,940.0,559.0,AgentPlugin
1600056001.188,7483.12,3547.86,1.0,0.01,0.0,0.26,0.0,26.64,8,1678.0,938.0,AgentPlugin
1600056001.699,7486.96,3547.91,1.0,0.01,0.0,0.12,0.0,27.6,8,1657.0,938.0,AgentPlugin
1600056002.212,7490.92,3547.96,1.0,0.01,0.0,0.09,0.0,27.77,4,913.0,573.0,AgentPlugin
1600056002.705,7494.69,3548.0,1.0,0.01,0.0,0.02,0.0,27.75,4,935.0,568.0,AgentPlugin
1600056003.22,7498.68,3548.03,1.0,0.01,0.0,0.0,0.0,27.51,4,955.0,580.0,AgentPlugin
1600056003.726,7502.49,3548.06,1.0,0.01,0.0,0.0,0.0,27.16,4,938.0,575.0,AgentPlugin
1600056004.222,7506.2,3548.09,1.0,0.01,0.0,0.0,0.0,26.8,4,883.0,572.0,AgentPlugin
1600056004.723,7509.91,3548.1,1.0,0.0,0.0,0.0,0.0,26.44,4,938.0,560.0,AgentPlugin
1600056005.219,7513.53,3548.1,1.0,0.0,0.0,0.0,0.0,26.09,4,943.0,572.0,AgentPlugin
1600056005.721,7517.15,3548.09,1.0,0.0,0.0,0.0,0.0,25.74,8,1665.0,940.0,AgentPlugin
1600056006.235,7520.81,3548.07,1.0,-0.01,0.0,0.0,0.0,25.39,4,938.0,545.0,AgentPlugin
1600056006.765,7524.49,3548.03,1.0,-0.01,0.0,0.0,0.0,25.03,4,937.0,643.0,AgentPlugin
1600056007.28,7528.04,3547.99,1.0,-0.01,0.0,0.0,0.0,24.69,4,844.0,645.0,AgentPlugin
1600056007.772,7531.4,3547.95,1.0,-0.01,0.0,0.0,0.0,24.37,4,956.0,574.0,AgentPlugin
1600056008.287,7534.88,3547.92,1.0,-0.01,0.0,0.0,0.0,24.04,8,1687.0,957.0,AgentPlugin
1600056008.801,7538.29,3547.88,1.0,-0.01,0.0,0.0,0.0,23.72,4,954.0,563.0,AgentPlugin
1600056009.312,7541.63,3547.86,1.0,-0.01,0.0,0.0,0.0,23.4,4,917.0,577.0,AgentPlugin
1600056009.812,7544.8,3547.83,1.0,-0.01,0.0,0.0,0.08,22.48,4,989.0,590.0,AgentPlugin
1600056010.322,7547.88,3547.81,1.0,-0.01,0.0,0.0,0.08,20.83,8,1663.0,928.0,AgentPlugin
1600056010.831,7550.75,3547.79,1.0,-0.01,0.0,0.0,0.12,19.09,8,1676.0,965.0,AgentPlugin
1600056011.357,7553.4,3547.77,1.0,-0.01,0.0,0.0,0.0,17.96,4,929.0,616.0,AgentPlugin
1600056011.861,7555.9,3547.76,1.0,-0.01,0.0,0.0,0.0,17.77,4,957.0,598.0,AgentPlugin
1600056012.362,7558.28,3547.74,1.0,-0.01,0.0,0.0,0.0,17.58,8,1680.0,950.0,AgentPlugin
1600056012.875,7560.84,3547.73,1.0,0.0,0.0,0.0,0.0,17.37,4,946.0,598.0,AgentPlugin
1600056013.376,7563.19,3547.72,1.0,0.0,0.0,0.0,0.0,17.16,4,930.0,600.0,AgentPlugin
1600056013.884,7565.64,3547.72,1.0,0.0,0.0,0.0,0.0,16.95,4,1088.0,589.0,AgentPlugin
1600056014.381,7567.92,3547.71,1.0,0.0,0.0,0.0,0.02,16.55,4,945.0,622.0,AgentPlugin
1600056014.878,7570.17,3547.7,1.0,0.0,0.0,0.0,0.09,15.47,8,1678.0,965.0,AgentPlugin
1600056015.375,7572.21,3547.7,1.0,0.0,0.0,0.0,0.06,13.97,4,960.0,616.0,AgentPlugin
1600056015.879,7574.11,3547.7,1.0,0.0,0.0,0.0,0.0,13.7,7,853.0,868.0,AgentPlugin
1600056016.399,7576.13,3547.7,1.0,0.0,0.0,0.0,0.0,13.58,4,986.0,655.0,AgentPlugin
1600056016.892,7577.93,3547.7,1.0,0.0,0.0,0.0,0.0,13.49,4,816.0,644.0,AgentPlugin
1600056017.4,7579.87,3547.7,1.0,0.0,0.0,0.0,0.0,13.42,4,992.0,669.0,AgentPlugin
1600056017.893,7581.69,3547.71,1.0,0.0,0.0,0.0,0.0,13.38,4,847.0,684.0,AgentPlugin
1600056018.393,7583.55,3547.72,1.0,0.0,0.0,0.0,0.0,13.34,3,54.0,550.0,AgentPlugin
1600056018.899,7585.44,3547.73,1.0,0.01,0.0,0.0,0.0,13.32,3,35.0,582.0,AgentPlugin
1600056019.411,7587.34,3547.74,1.0,0.01,0.0,0.0,0.0,13.3,5,1773.0,604.0,AgentPlugin
1600056019.918,7589.2,3547.76,1.0,0.01,0.0,0.0,0.0,13.28,5,1899.0,582.0,AgentPlugin
1600056020.411,7591.02,3547.78,1.0,0.01,0.0,0.0,0.0,13.27,-1,1984.0,544.0,AgentPlugin
1600056020.916,7592.88,3547.8,1.0,0.01,0.0,0.0,0.0,13.27,3,110.0,558.0,AgentPlugin
1600056021.414,7594.72,3547.82,1.0,0.01,0.0,0.0,0.0,13.29,4,939.0,600.0,AgentPlugin
1600056021.908,7596.55,3547.85,1.0,0.01,0.0,0.0,0.0,13.31,4,916.0,523.0,AgentPlugin
1600056022.424,7598.47,3547.88,1.0,0.01,0.0,0.0,0.0,13.32,4,935.0,545.0,AgentPlugin
1600056022.939,7600.37,3547.91,1.0,0.02,0.0,0.0,0.0,13.33,4,930.0,533.0,AgentPlugin
1600056023.436,7602.18,3547.94,1.0,0.02,0.0,0.1,0.0,13.35,4,923.0,555.0,AgentPlugin
1600056023.941,7604.08,3547.97,1.0,0.02,0.0,0.13,0.0,13.67,4,932.0,569.0,AgentPlugin
1600056024.439,7605.97,3548.01,1.0,0.02,0.0,0.14,0.0,14.13,4,923.0,551.0,AgentPlugin
1600056024.936,7608.01,3548.05,1.0,0.02,0.0,0.14,0.0,14.62,4,903.0,579.0,AgentPlugin
1600056025.437,7610.05,3548.08,1.0,0.02,0.0,0.14,0.0,15.09,4,922.0,551.0,AgentPlugin
1600056025.955,7612.29,3548.13,1.0,0.02,0.0,0.14,0.0,15.6,4,917.0,573.0,AgentPlugin
1600056026.462,7614.52,3548.17,1.0,0.02,0.0,0.14,0.0,16.1,4,933.0,532.0,AgentPlugin
1600056026.952,7616.76,3548.21,1.0,0.02,0.0,0.17,0.0,16.6,8,1654.0,951.0,AgentPlugin
1600056027.456,7619.07,3548.25,1.0,0.02,0.0,0.18,0.0,17.24,4,932.0,581.0,AgentPlugin
1600056027.974,7621.66,3548.3,1.0,0.02,0.0,0.22,0.0,18.06,4,908.0,561.0,AgentPlugin
1600056028.474,7624.17,3548.35,1.0,0.02,0.0,0.21,0.0,18.9,4,917.0,560.0,AgentPlugin
1600056028.974,7626.86,3548.4,1.0,0.02,0.0,0.21,0.0,19.72,4,931.0,547.0,AgentPlugin
1600056029.479,7629.72,3548.45,1.0,0.02,0.0,0.21,0.0,20.54,-1,1746.0,1351.0,AgentPlugin
1600056029.975,7632.62,3548.49,1.0,0.02,0.0,0.21,0.0,21.33,8,1421.0,764.0,AgentPlugin
1600056030.471,7635.54,3548.54,1.0,0.02,0.0,0.21,0.0,22.08,4,902.0,546.0,AgentPlugin
1600056030.988,7638.84,3548.59,1.0,0.01,0.0,0.0,0.0,22.71,4,911.0,574.0,AgentPlugin
1600056031.487,7641.95,3548.63,1.0,0.01,0.0,0.0,0.0,22.52,8,1667.0,937.0,AgentPlugin
1600056031.986,7645.05,3548.67,1.0,0.01,0.0,0.0,0.0,22.27,4,888.0,559.0,AgentPlugin
1600056032.498,7648.22,3548.71,1.0,0.01,0.0,0.0,0.0,21.98,4,931.0,557.0,AgentPlugin
1600056032.987,7651.09,3548.75,1.0,0.01,0.0,0.0,0.0,21.72,4,904.0,572.0,AgentPlugin
1600056033.495,7654.25,3548.78,1.0,0.01,0.0,0.0,0.0,21.42,8,1375.0,736.0,AgentPlugin
1600056033.986,7657.03,3548.81,1.0,0.01,0.0,0.0,0.0,21.17,4,884.0,546.0,AgentPlugin
1600056034.502,7660.12,3548.84,1.0,0.01,0.0,0.0,0.0,20.88,4,900.0,537.0,AgentPlugin
1600056035.003,7663.05,3548.86,1.0,0.01,0.0,0.0,0.0,20.61,8,1685.0,945.0,AgentPlugin
1600056035.517,7665.96,3548.88,1.0,0.01,0.0,0.0,0.0,20.35,4,893.0,517.0,AgentPlugin
1600056036.029,7668.84,3548.91,1.0,0.01,0.0,0.0,0.0,20.08,4,896.0,609.0,AgentPlugin
1600056036.517,7671.49,3548.92,1.0,0.01,0.0,0.0,0.0,19.84,4,910.0,572.0,AgentPlugin
1600056037.026,7674.33,3548.94,1.0,0.01,0.0,0.0,0.0,19.58,4,904.0,545.0,AgentPlugin
1600056037.515,7676.93,3548.95,1.0,0.01,0.0,0.0,0.0,19.35,8,1686.0,965.0,AgentPlugin
1600056038.035,7679.74,3548.97,1.0,0.01,0.0,0.0,0.02,19.05,8,1693.0,942.0,AgentPlugin
1600056038.549,7682.42,3548.99,1.0,0.01,0.0,0.0,0.05,18.16,8,1679.0,946.0,AgentPlugin
1600056039.065,7684.94,3549.0,1.0,0.01,0.0,0.0,0.0,17.36,4,867.0,571.0,AgentPlugin
1600056039.567,7687.35,3549.01,1.0,0.01,0.0,0.0,0.0,17.17,4,858.0,562.0,AgentPlugin
1600056040.065,7689.72,3549.03,1.0,0.01,0.0,0.0,0.0,16.98,4,938.0,551.0,AgentPlugin
1600056040.568,7692.07,3549.04,1.0,0.01,0.0,0.0,0.0,16.78,8,1721.0,964.0,AgentPlugin
1600056041.061,7694.35,3549.05,1.0,0.01,0.0,0.0,0.0,16.59,4,845.0,558.0,AgentPlugin
1600056041.579,7696.72,3549.07,1.0,0.01,0.01,0.0,0.0,16.39,4,857.0,576.0,AgentPlugin
1600056042.082,7698.97,3549.09,1.0,0.01,0.01,0.0,0.0,16.19,4,819.0,598.0,AgentPlugin
1600056042.578,7701.2,3549.14,1.0,0.02,0.03,0.0,0.0,15.99,4,1029.0,610.0,AgentPlugin
1600056043.078,7703.38,3549.24,1.0,0.04,0.06,0.0,0.0,15.8,4,769.0,577.0,AgentPlugin
1600056043.595,7705.67,3549.42,1.0,0.07,0.04,0.0,0.0,15.59,4,798.0,577.0,AgentPlugin
1600056044.1,7707.79,3549.62,1.0,0.09,0.01,0.0,0.0,15.41,3,638.0,592.0,AgentPlugin
1600056044.593,7709.93,3549.82,1.0,0.09,0.01,0.0,0.0,15.21,4,969.0,639.0,AgentPlugin
1600056045.113,7712.08,3550.03,1.0,0.09,0.0,0.0,0.0,15.02,3,606.0,596.0,AgentPlugin
1600056045.624,7714.21,3550.23,1.0,0.09,0.0,0.0,0.0,14.83,4,947.0,645.0,AgentPlugin
1600056046.127,7716.24,3550.42,1.0,0.09,-0.01,0.0,0.0,14.65,3,503.0,619.0,AgentPlugin
1600056046.635,7718.29,3550.6,1.0,0.09,-0.01,0.0,0.0,14.47,4,992.0,640.0,AgentPlugin
1600056047.142,7720.31,3550.76,1.0,0.08,-0.03,0.0,0.0,14.3,4,867.0,623.0,AgentPlugin
1600056047.654,7722.33,3550.88,1.0,0.06,-0.04,0.0,0.0,14.12,4,1093.0,654.0,AgentPlugin
1600056048.16,7724.26,3550.95,1.0,0.04,-0.05,0.0,0.0,13.95,4,907.0,654.0,AgentPlugin
1600056048.655,7726.17,3550.97,1.0,0.02,-0.05,0.0,0.0,13.79,4,857.0,609.0,AgentPlugin
1600056049.158,7728.07,3550.95,1.0,-0.01,-0.05,0.0,0.0,13.65,6,454.0,845.0,AgentPlugin
1600056049.662,7729.98,3550.86,1.0,-0.04,-0.09,0.0,0.0,13.53,4,920.0,573.0,AgentPlugin
1600056050.156,7731.87,3550.67,1.0,-0.09,-0.1,0.0,0.0,13.43,4,725.0,612.0,AgentPlugin
1600056050.667,7733.76,3550.38,0.99,-0.14,-0.1,0.0,0.0,13.37,4,760.0,643.0,AgentPlugin
1600056051.155,7735.53,3550.03,0.98,-0.18,-0.05,0.0,0.0,13.33,4,1017.0,619.0,AgentPlugin
1600056051.658,7737.29,3549.65,0.98,-0.2,-0.01,0.0,0.0,13.31,7,935.0,828.0,AgentPlugin
1600056052.17,7739.2,3549.26,0.98,-0.2,-0.01,0.0,0.0,13.29,4,1057.0,626.0,AgentPlugin
1600056052.67,7741.0,3548.88,0.98,-0.2,0.02,0.0,0.0,13.28,4,933.0,660.0,AgentPlugin
1600056053.187,7742.88,3548.52,0.98,-0.19,0.05,0.0,0.0,13.26,7,993.0,775.0,AgentPlugin
1600056053.689,7744.66,3548.25,0.99,-0.16,0.09,0.0,0.0,13.24,4,1129.0,621.0,AgentPlugin
1600056054.209,7746.61,3548.06,0.99,-0.11,0.09,0.0,0.0,13.22,4,951.0,706.0,AgentPlugin
1600056054.726,7748.46,3547.96,1.0,-0.07,0.09,0.0,0.0,13.21,7,1090.0,735.0,AgentPlugin
1600056055.226,7750.34,3547.94,1.0,-0.02,0.07,0.0,0.0,13.2,7,860.0,791.0,AgentPlugin
1600056055.721,7752.09,3547.98,1.0,0.01,0.06,0.0,0.0,13.2,4,949.0,584.0,AgentPlugin
1600056056.227,7754.01,3548.06,1.0,0.03,0.02,0.08,0.0,13.27,4,776.0,674.0,AgentPlugin
1600056056.722,7755.8,3548.13,1.0,0.04,0.0,0.17,0.0,13.6,4,899.0,566.0,AgentPlugin
1600056057.247,7757.89,3548.21,1.0,0.04,0.0,0.22,0.0,14.42,4,915.0,560.0,AgentPlugin
1600056057.742,7759.95,3548.28,1.0,0.04,0.0,0.25,0.0,15.44,4,787.0,702.0,AgentPlugin
1600056058.241,7762.1,3548.36,1.0,0.04,0.0,0.28,0.0,16.57,4,907.0,570.0,AgentPlugin
1600056058.744,7764.52,3548.45,1.0,0.04,0.0,0.3,0.0,17.91,4,935.0,554.0,AgentPlugin
1600056059.234,7767.0,3548.55,1.0,0.04,0.0,0.31,0.0,19.24,4,904.0,566.0,AgentPlugin
1600056059.732,7769.79,3548.65,1.0,0.04,0.0,0.31,0.0,20.63,4,906.0,571.0,AgentPlugin
1600056060.234,7772.77,3548.75,1.0,0.04,0.0,0.31,0.0,21.98,4,885.0,561.0,AgentPlugin
1600056060.739,7775.96,3548.86,1.0,0.03,0.0,0.31,0.0,23.31,4,891.0,577.0,AgentPlugin
1600056061.244,7779.39,3548.97,1.0,0.03,0.0,0.31,0.0,24.63,4,885.0,554.0,AgentPlugin
1600056061.737,7782.84,3549.08,1.0,0.03,-0.01,0.31,0.0,25.88,4,912.0,556.0,AgentPlugin
1600056062.25,7786.61,3549.18,1.0,0.03,-0.01,0.29,0.0,27.16,4,898.0,565.0,AgentPlugin
1600056062.75,7790.47,3549.26,1.0,0.02,-0.01,0.0,0.0,27.56,8,1691.0,956.0,AgentPlugin
1600056063.261,7794.34,3549.32,1.0,0.02,-0.01,0.0,0.0,27.27,4,934.0,624.0,AgentPlugin
1600056063.78,7798.26,3549.37,1.0,0.01,-0.01,0.0,0.0,26.89,4,900.0,565.0,AgentPlugin
1600056064.281,7801.87,3549.4,1.0,0.01,-0.01,0.0,0.0,26.54,4,906.0,566.0,AgentPlugin
1600056064.784,7805.6,3549.41,1.0,0.0,-0.01,0.0,0.0,26.18,4,922.0,561.0,AgentPlugin
1600056065.307,7809.43,3549.4,1.0,0.0,-0.01,0.0,0.0,25.81,4,905.0,566.0,AgentPlugin
1600056065.816,7813.08,3549.36,1.0,-0.01,-0.01,0.0,0.0,25.46,4,877.0,550.0,AgentPlugin
1600056066.312,7816.44,3549.31,1.0,-0.02,-0.01,0.0,0.0,25.13,4,922.0,575.0,AgentPlugin
1600056066.816,7820.03,3549.22,1.0,-0.02,-0.01,0.0,0.0,24.79,4,954.0,585.0,AgentPlugin
1600056067.315,7823.45,3549.13,1.0,-0.03,0.0,0.0,0.0,24.46,4,939.0,586.0,AgentPlugin
1600056067.819,7826.86,3549.03,1.0,-0.03,0.0,0.0,0.0,24.14,8,1700.0,930.0,AgentPlugin
1600056068.314,7830.1,3548.93,1.0,-0.03,0.0,0.0,0.0,23.83,4,1010.0,596.0,AgentPlugin
1600056068.832,7833.56,3548.82,1.0,-0.03,0.0,0.0,0.0,23.5,4,946.0,591.0,AgentPlugin
1600056069.337,7836.85,3548.7,1.0,-0.03,0.0,0.0,0.0,23.19,4,935.0,569.0,AgentPlugin
1600056069.841,7840.03,3548.59,1.0,-0.04,0.0,0.0,0.02,22.88,4,915.0,631.0,AgentPlugin
1600056070.341,7843.14,3548.47,1.0,-0.04,0.0,0.0,0.1,21.34,4,940.0,598.0,AgentPlugin
1600056070.849,7846.0,3548.36,1.0,-0.04,0.0,0.0,0.13,19.21,4,942.0,588.0,AgentPlugin
1600056071.353,7848.5,3548.27,1.0,-0.04,0.0,0.0,0.11,16.63,4,932.0,590.0,AgentPlugin
1600056071.866,7850.76,3548.18,1.0,-0.04,0.0,0.0,0.11,15.01,4,945.0,609.0,AgentPlugin
1600056072.364,7852.64,3548.11,1.0,-0.04,0.0,0.0,0.0,13.41,4,901.0,573.0,AgentPlugin
1600056072.884,7854.63,3548.03,1.0,-0.04,0.0,0.0,0.0,13.36,4,932.0,670.0,AgentPlugin
1600056073.378,7856.45,3547.97,1.0,-0.04,0.0,0.0,0.0,13.33,4,1011.0,555.0,AgentPlugin
1600056073.875,7858.25,3547.9,1.0,-0.04,0.0,0.0,0.0,13.31,4,931.0,563.0,AgentPlugin
1600056074.384,7860.17,3547.84,1.0,-0.03,0.01,0.0,0.0,13.29,4,941.0,603.0,AgentPlugin
1600056074.895,7862.06,3547.78,1.0,-0.03,0.0,0.0,0.0,13.28,4,933.0,616.0,AgentPlugin
1600056075.389,7863.82,3547.74,1.0,-0.03,0.0,0.0,0.0,13.27,4,825.0,504.0,AgentPlugin
1600056075.903,7865.77,3547.69,1.0,-0.03,0.0,0.0,0.0,13.26,4,931.0,636.0,AgentPlugin
1600056076.399,7867.6,3547.64,1.0,-0.02,0.0,0.0,0.0,13.25,4,931.0,645.0,AgentPlugin
1600056076.91,7869.47,3547.61,1.0,-0.02,0.0,0.0,0.0,13.24,8,1657.0,968.0,AgentPlugin
1600056077.416,7871.35,3547.57,1.0,-0.02,0.0,0.0,0.0,13.24,4,911.0,637.0,AgentPlugin
1600056077.927,7873.21,3547.54,1.0,-0.02,0.0,0.0,0.05,13.15,4,872.0,670.0,AgentPlugin
1600056078.431,7874.98,3547.51,1.0,-0.01,0.0,0.0,0.08,12.03,4,953.0,651.0,AgentPlugin
1600056078.921,7876.55,3547.5,1.0,-0.01,0.0,0.0,0.08,11.05,4,859.0,666.0,AgentPlugin
1600056079.435,7878.06,3547.48,1.0,-0.01,0.0,0.0,0.08,10.22,4,852.0,659.0,AgentPlugin
1600056079.922,7879.34,3547.47,1.0,-0.01,0.0,0.0,0.09,9.56,4,779.0,686.0,AgentPlugin
1600056080.422,7880.63,3547.46,1.0,-0.01,0.0,0.0,0.09,8.76,4,980.0,688.0,AgentPlugin
1600056080.92,7881.8,3547.45,1.0,-0.01,0.0,0.0,0.1,8.04,4,1053.0,708.0,AgentPlugin
1600056081.44,7882.93,3547.45,1.0,0.0,0.0,0.0,0.1,7.29,3,557.0,689.0,AgentPlugin
1600056081.937,7883.82,3547.45,1.0,0.0,0.0,0.0,0.17,5.91,7,968.0,861.0,AgentPlugin
1600056082.444,7884.5,3547.45,1.0,0.0,0.0,0.0,0.22,3.56,4,1098.0,613.0,AgentPlugin
1600056082.946,7884.79,3547.45,1.0,0.0,0.0,0.0,0.34,0.54,3,484.0,691.0,AgentPlugin
1600056083.441,7884.82,3547.45,1.0,0.0,0.0,0.0,0.65,0.0,3,398.0,709.0,AgentPlugin
1600056083.939,7884.82,3547.45,1.0,0.0,0.0,0.0,0.77,0.0,5,1605.0,666.0,AgentPlugin
1600056084.456,7884.82,3547.45,1.0,0.0,0.0,0.0,0.79,0.0,5,1872.0,551.0,AgentPlugin
1600056084.951,7884.82,3547.45,1.0,0.0,0.0,0.0,0.79,0.0,-1,2012.0,507.0,AgentPlugin
1600056085.458,7884.82,3547.45,1.0,0.0,0.0,0.0,0.79,0.0,-1,1946.0,585.0,AgentPlugin
1600056085.953,7884.82,3547.45,1.0,0.0,0.0,0.0,0.79,0.0,-1,-48.0,502.0,AgentPlugin
1600056086.47,7884.82,3547.45,1.0,0.0,0.0,0.0,0.79,0.0,3,24.0,517.0,AgentPlugin
1600056086.977,7884.82,3547.45,1.0,0.0,0.0,0.0,0.64,0.0,3,258.0,500.0,AgentPlugin
1600056087.47,7884.83,3547.45,1.0,0.0,0.0,0.0,0.0,0.42,-1,1951.0,564.0,AgentPlugin
1600056087.969,7884.98,3547.45,1.0,0.0,0.0,0.0,0.0,1.86,4,1001.0,558.0,AgentPlugin
1600056088.489,7885.37,3547.45,1.0,0.0,0.0,0.11,0.0,3.34,4,967.0,567.0,AgentPlugin
1600056088.993,7885.93,3547.45,1.0,0.0,0.0,0.27,0.0,4.85,4,946.0,570.0,AgentPlugin
1600056089.483,7886.72,3547.45,1.0,0.0,0.0,0.28,0.0,6.73,7,1045.0,721.0,AgentPlugin
1600056089.984,7887.79,3547.45,1.0,0.0,0.0,0.32,0.0,8.77,4,917.0,644.0,AgentPlugin
1600056090.496,7889.17,3547.45,1.0,0.0,0.0,0.33,0.0,10.92,4,966.0,617.0,AgentPlugin
1600056091.007,7890.93,3547.44,1.0,0.0,0.0,0.33,0.0,13.08,4,1071.0,622.0,AgentPlugin
1600056091.512,7892.9,3547.44,1.0,0.0,0.0,0.33,0.0,14.91,4,952.0,599.0,AgentPlugin
1600056092.003,7894.99,3547.44,1.0,0.0,0.0,0.34,0.0,16.49,4,1075.0,612.0,AgentPlugin
1600056092.502,7897.36,3547.44,1.0,0.0,0.0,0.34,0.0,18.02,4,988.0,618.0,AgentPlugin
1600056093.001,7899.99,3547.44,1.0,0.0,0.0,0.34,0.0,19.56,4,979.0,592.0,AgentPlugin
1600056093.51,7902.85,3547.45,1.0,0.0,0.0,0.34,0.0,21.16,4,928.0,579.0,AgentPlugin
1600056094.014,7905.93,3547.45,1.0,0.0,0.0,0.34,0.0,22.81,8,1725.0,927.0,AgentPlugin
1600056094.508,7909.14,3547.46,1.0,0.0,0.0,0.35,0.0,24.39,8,1675.0,943.0,AgentPlugin
1600056094.999,7912.74,3547.46,1.0,0.0,0.0,0.31,0.0,25.93,4,956.0,570.0,AgentPlugin
1600056095.513,7916.48,3547.47,1.0,0.0,0.0,0.11,0.0,26.76,4,965.0,538.0,AgentPlugin
1600056096.011,7920.22,3547.49,1.0,0.0,0.0,0.08,0.0,26.87,4,949.0,559.0,AgentPlugin
1600056096.517,7923.83,3547.5,1.0,0.0,0.0,0.08,0.0,26.92,8,1613.0,888.0,AgentPlugin
1600056097.029,7927.67,3547.52,1.0,0.0,0.0,0.07,0.0,26.94,4,947.0,558.0,AgentPlugin
1600056097.518,7931.48,3547.53,1.0,0.0,0.0,0.06,0.0,26.95,4,911.0,561.0,AgentPlugin
1600056098.028,7935.16,3547.55,1.0,0.01,0.0,0.06,0.0,26.89,4,781.0,587.0,AgentPlugin
1600056098.514,7938.93,3547.57,1.0,0.01,0.0,0.06,0.0,26.82,4,940.0,558.0,AgentPlugin
1600056099.015,7942.66,3547.59,1.0,0.01,0.0,0.06,0.0,26.75,4,945.0,577.0,AgentPlugin
1600056099.515,7946.28,3547.61,1.0,0.01,0.0,0.06,0.0,26.69,8,1654.0,940.0,AgentPlugin
1600056100.015,7949.98,3547.63,1.0,0.01,0.0,0.06,0.0,26.63,8,1688.0,946.0,AgentPlugin
1600056100.516,7953.67,3547.65,1.0,0.01,0.0,0.06,0.0,26.56,4,1005.0,622.0,AgentPlugin
1600056101.029,7957.56,3547.67,1.0,0.01,0.0,0.0,0.0,26.42,4,963.0,587.0,AgentPlugin
1600056101.53,7961.11,3547.69,1.0,0.01,0.0,0.0,0.0,26.14,4,960.0,562.0,AgentPlugin
1600056102.036,7964.8,3547.71,1.0,0.01,0.0,0.0,0.0,25.79,8,1618.0,940.0,AgentPlugin
1600056102.542,7968.46,3547.73,1.0,0.01,0.0,0.0,0.0,25.44,4,1006.0,538.0,AgentPlugin
1600056103.034,7971.85,3547.75,1.0,0.01,0.0,0.0,0.0,25.12,4,957.0,534.0,AgentPlugin
1600056103.541,7975.18,3547.76,1.0,0.01,0.0,0.0,0.49,21.45,4,1037.0,640.0,AgentPlugin
1600056104.036,7977.46,3547.78,1.0,0.01,0.0,0.0,0.99,9.85,8,1847.0,945.0,AgentPlugin
1600056104.547,7977.94,3547.78,1.0,0.01,0.0,0.0,1.0,0.0,8,1713.0,1061.0,AgentPlugin
1600056105.058,7977.94,3547.78,1.0,0.01,0.0,0.0,1.0,0.0,-1,1125.0,2231.0,AgentPlugin
1600056105.565,7977.94,3547.78,1.0,0.01,0.0,0.0,1.0,0.0,-1,1125.0,2231.0,AgentPlugin
1600056106.075,7977.94,3547.78,1.0,0.01,0.0,0.0,1.0,0.0,-1,1125.0,2231.0,AgentPlugin
1600056108.181,7977.94,3547.78,1.0,0.01,0.0,0.0,1.0,0.0,-1,-206.0,441.0,AgentPlugin
1600056109.046,7977.94,3547.78,1.0,0.01,0.0,0.0,1.0,0.0,-1,-206.0,441.0,AgentPlugin
1600056109.553,7977.94,3547.78,1.0,0.01,0.0,0.0,1.0,0.0,-1,-206.0,441.0,AgentPlugin
1600056110.051,7977.94,3547.78,1.0,0.01,0.0,0.0,1.0,0.0,-1,1005.0,1492.0,AgentPlugin
1600056110.547,7977.94,3547.78,1.0,0.01,0.0,0.0,1.0,0.0,0,506.0,351.0,AgentPlugin
1600056111.053,7977.94,3547.78,1.0,0.01,0.0,0.0,1.0,0.0,1,655.0,265.0,AgentPlugin
1600056111.56,7977.94,3547.78,1.0,0.01,0.0,0.0,0.99,0.0,1,883.0,146.0,AgentPlugin
1600056112.065,7977.94,3547.78,1.0,0.01,0.0,0.0,0.98,0.0,1,1103.0,138.0,AgentPlugin
1600056112.577,7977.94,3547.78,1.0,0.01,0.0,0.0,0.98,0.0,1,1101.0,126.0,AgentPlugin
1600056113.077,7977.94,3547.78,1.0,0.01,0.0,0.0,0.98,0.0,1,1106.0,126.0,AgentPlugin
1600056113.588,7977.94,3547.78,1.0,0.01,0.0,0.0,0.98,0.0,1,1110.0,134.0,AgentPlugin
1600056114.082,7977.94,3547.78,1.0,0.01,0.0,0.0,0.98,0.0,4,1085.0,371.0,AgentPlugin
1600056114.583,7977.94,3547.78,1.0,0.01,0.0,0.0,0.98,0.0,8,1348.0,735.0,AgentPlugin
1600056115.079,7977.94,3547.78,1.0,0.01,0.0,0.0,0.98,0.0,8,1416.0,734.0,AgentPlugin
1600056115.58,7977.94,3547.78,1.0,0.01,0.0,0.0,0.98,0.0,8,1614.0,830.0,AgentPlugin
1600056116.078,7977.94,3547.78,1.0,0.01,0.0,0.0,0.98,0.0,-1,1932.0,899.0,AgentPlugin
1600056116.592,7977.94,3547.78,1.0,0.01,0.0,0.0,0.98,0.0,-1,1932.0,899.0,AgentPlugin
1600056117.109,7977.94,3547.78,1.0,0.01,0.0,0.0,0.98,0.0,-1,1932.0,899.0,AgentPlugin
1600056117.619,7977.94,3547.78,1.0,0.01,0.0,0.0,0.98,0.0,-1,1932.0,899.0,AgentPlugin
1600056118.108,7977.94,3547.78,1.0,0.01,0.0,0.0,0.98,0.0,-1,1932.0,899.0,AgentPlugin
1600056118.619,7977.94,3547.78,1.0,0.01,0.0,0.0,0.98,0.0,-1,1932.0,899.0,AgentPlugin
